"Species","n","best_model","best_bic","int_best","road_best","forest_best","roadforest_best"
"MOUQ",7905,5,6897.22797443646,5.11782910473169,-0.216619196486344,0.368272262615259,-0.428210124682312
"NOBO",3330,5,3131.17155858191,4.94258817858261,-0.0407558775332709,0.440925430553084,-0.672990927949155
"SCQU",900,1,657.685700467819,5.15898058937476,NA,NA,NA
"CAQU",8517,3,24315.1343777497,4.50836701965584,NA,-0.149759775401308,NA
"GAQU",1270,3,1292.34884328647,4.88846789773319,NA,0.238668740668753,NA
"WITU",2641,3,3922.80382290045,5.06845592245489,NA,-0.329641031098312,NA
"RUGR",4650,5,6411.53707663788,5.29119403857368,-0.125503657360084,-1.20978450563429,0.610270450094854
"SPGR",135,1,241.837428278506,3.90994016452349,NA,NA,NA
"WTPT",79,1,133.928319822827,4.41097797593812,NA,NA,NA
"GRSG",92,2,138.779850247611,4.82317653340146,-1.24368585569501,NA,NA
"DUGR",405,1,576.924216469321,4.34029024856347,NA,NA,NA
"SOGR",395,1,528.488884341661,4.53601663087446,NA,NA,NA
"STGR",634,2,1401.60811159672,4.84763499219417,0.369352494649348,NA,NA
"GRPC",328,1,104.467871775372,6.13699120283209,NA,NA,NA
"RNEP",2756,4,5115.69654583293,4.57588662084309,0.779842515169026,0.789128495605536,NA
"REJU",180,1,27.3447835314018,6.18099854324666,NA,NA,NA
"CHUK",670,3,312.446015491154,5.31838569810831,NA,0.57745964004578,NA
"ROPI",2019,5,11316.4435088099,4.92766762743463,0.126811827434634,-0.143150744304739,-0.629559899929432
"BTPI",2499,2,8678.77766685657,4.72611949973629,-0.257669720996714,NA,NA
"EUCD",2843,2,4043.50070223673,4.74534007241651,-0.119395285328553,NA,NA
"WWDO",335,1,509.81621301272,4.55237372218271,NA,NA,NA
"MODO",63037,3,99512.8251900956,4.75979948662498,NA,0.0571029720301298,NA
"GRRO",428,2,290.564359657844,5.22633559633952,-0.59928237201369,NA,NA
"YBCU",6705,5,12354.9464767218,4.3016921769246,0.357429704762516,0.0831141526333892,-0.280754122461089
"MACU",171,2,392.428255779358,4.93032979982973,-0.508815488237648,NA,NA
"BBCU",1433,5,2258.78331727153,5.02301945618269,0.222061307596548,-0.93793151053565,0.998273044636147
"CONI",4212,1,4370.37907600236,4.91035420011245,NA,NA,NA
"COPO",156,1,87.2150625525983,5.27932559409017,NA,NA,NA
"CWWI",101,1,180.74946583519,4.43102146254006,NA,NA,NA
"CHSW",1479,4,4604.9737423724,4.67222674607161,-0.473180327988895,-0.169730778495386,NA
"VASW",509,3,1308.45815677507,3.95783257142208,NA,0.324508605300967,NA
"WTSW",1215,2,3160.57512499436,4.78656433492658,-0.49371331027075,NA,NA
"RTHU",1421,3,2269.85540899819,3.67655158322903,NA,-0.329387644746509,NA
"BCHU",1014,5,1397.79504354761,3.6407398656705,0.409992161658111,-0.140799082460101,-0.479693216401605
"ANHU",4411,4,13441.2574192836,3.81510340167982,-0.0767820296113754,-0.360663876078656,NA
"CAHU",461,2,1178.96103624209,3.52067570157751,-0.1991288095004,NA,NA
"RUHU",1097,1,498.998787558476,3.27106083615767,NA,NA,NA
"ALHU",2092,3,5510.15977122274,3.49607358847711,NA,-0.12013248535744,NA
"BTHU",5744,1,6573.02626992148,3.69196651256783,NA,NA,NA
"SACR",2719,5,2098.98298384939,5.47805109039287,0.393108578868946,0.775747214490784,-1.03880140700123
"BLVU",358,2,1142.49503556714,5.28398989283778,-0.765361838554908,NA,NA
"TUVU",5914,4,10928.8388479276,5.24697874522958,-0.339598459025535,-0.434487708948989,NA
"OSPR",1392,2,1885.79941623614,5.00701610894809,-0.247450668803243,NA,NA
"WTKI",664,3,1493.38238670492,5.20601531787719,NA,-0.92316795919634,NA
"STKI",78,1,346.656849245167,4.87705366724555,NA,NA,NA
"GOEA",292,1,146.382551670356,5.37859164411391,NA,NA,NA
"NOHA",2815,1,5015.83016361489,5.19911117533004,NA,NA,NA
"SSHA",310,2,590.678734667748,4.3249878690984,-0.472958233918387,NA,NA
"COHA",482,3,903.910220651368,4.45457327216518,NA,-0.287188750521227,NA
"NOGO",161,1,251.196476447303,4.44698610837422,NA,NA,NA
"BAEA",732,2,1269.67840150303,4.6713143959771,0.289130340193015,NA,NA
"MIKI",280,2,460.862892073279,4.84242515313629,-0.388215050883271,NA,NA
"RSHA",1647,1,2921.20129980078,4.76789333397788,NA,NA,NA
"BWHA",174,3,487.062919274087,4.68430374416327,NA,-0.426342568731098,NA
"SWHA",1269,1,901.290107256002,5.23653841944318,NA,NA,NA
"RTHA",5835,3,7713.27102357027,4.93187472836787,NA,-0.169436118238313,NA
"FEHA",176,1,180.580676743293,4.95565908650257,NA,NA,NA
"GHOW",698,3,1311.0476838722,4.48456608664442,NA,0.247891111691785,NA
"NOPO",594,2,439.164274241986,5.24496580988836,-0.545913388475689,NA,NA
"BUOW",347,1,143.773917694385,5.58474777826542,NA,NA,NA
"BADO",608,2,1025.76133464643,4.5411008274265,0.462307342254116,NA,NA
"SEOW",246,5,373.515237844753,4.56097887960621,18.0657566616217,0.493876780519145,-18.8555625633787
"BEKI",2280,3,4106.76345251028,4.43631245480839,NA,-0.330605226016526,NA
"LEWO",255,2,376.26236513501,4.58483270664113,-0.502050411241369,NA,NA
"RHWO",3899,5,8139.88608699834,4.24813051731697,-0.0162485580956991,0.412484502341345,-0.334286408242826
"ACWO",6905,3,16616.4726335465,4.66990282877334,NA,-0.222239026483043,NA
"GIWO",136,1,117.354788867928,4.97298717078422,NA,NA,NA
"GFWO",283,1,236.233369132644,4.97277815310248,NA,NA,NA
"RBWO",14236,5,32751.1470504451,4.40979685745649,0.164994191946032,-0.245624691634339,0.158644473528875
"WISA",732,1,1101.61413897183,4.29742800272687,NA,NA,NA
"YBSA",16273,5,34580.6449416656,4.79277370303208,-0.145101196983758,-0.801755600468101,0.832635143244248
"RNSA",2210,1,3194.65854998522,4.30363627185605,NA,NA,NA
"RBSA",3405,4,6771.73911335061,4.1565332906705,-0.132478253730673,0.181109794665486,NA
"ATTW",1129,2,1965.96297471262,4.19666073752617,-0.237412947171515,NA,NA
"BBWO",886,4,1478.93617029351,4.22186470704993,0.408507466038701,-0.185302233406842,NA
"DOWO",11965,5,25784.1197621031,4.04217612811343,0.129943096351524,-0.132228789418867,-0.193647957324858
"NUWO",4519,1,12605.7409637409,4.08231683326887,NA,NA,NA
"LBWO",347,1,416.469898964003,4.54122827000607,NA,NA,NA
"HAWO",15494,5,28737.9116817555,4.30971237502024,-0.0319468904733694,-0.159663358934737,0.170449629054072
"WHWO",1585,1,3702.30022748492,4.468691339402,NA,NA,NA
"NOFL",36969,4,49855.4099951579,4.74918064293764,0.0614601109885923,-0.0995851413680524,NA
"PIWO",11355,5,16414.7132126425,5.04687794257308,-0.119097625941275,-0.437943604567914,0.376493894649773
"AMKE",2575,2,2971.1013090356,4.90116845601934,-0.237835940836932,NA,NA
"MERL",86,1,152.618714481589,4.78866573014668,NA,NA,NA
"PEFA",176,1,248.570056336992,5.12438508409034,NA,NA,NA
"PRFA",194,1,169.981598814355,5.09218826555916,NA,NA,NA
"ATFL",14307,3,28598.2117214042,4.3720962337575,NA,0.261655093397289,NA
"GCFL",12051,4,28244.9022959183,4.4566241487816,0.176663627871526,-0.49555198890904,NA
"CAKI",973,1,1111.43344520809,4.87838571435091,NA,NA,NA
"WEKI",8569,3,20957.7239894335,4.29739533058662,NA,0.293483119101922,NA
"EAKI",6539,5,12180.9204126897,4.32896273527296,-0.0426376208644385,0.000336732749355281,-0.366731753586985
"STFL",421,1,705.991012199902,4.48475930874217,NA,NA,NA
"OSFL",11756,3,15466.7455003683,4.85422898467685,NA,-0.0677795472934592,NA
"WEWP",31803,4,54400.4358161526,4.42420811423728,-0.037449143555983,0.129287644768711,NA
"EAWP",15623,5,35330.2159578741,4.70005987979332,-0.0379814314206919,-0.64821389711896,0.35280519928847
"YBFL",5559,3,8829.59577543714,4.70560475006639,NA,-0.861295704277503,NA
"ACFL",4293,5,9643.30823093653,3.56763246898273,0.305586059201391,0.508410313975056,-0.565939297020909
"ALFL",9453,5,19961.7436984872,4.59935193891543,0.0383774438085833,-0.650204010111085,0.546972221524156
"WIFL",2093,2,4307.20679962952,4.38290031858719,-0.157901551507004,NA,NA
"LEFL",15550,5,35422.2102857059,4.48341649196046,0.0233431518946937,-0.650910436057245,0.364691451399961
"HAFL",8480,4,16189.3041062959,4.03636229450741,-0.0723321967302535,-0.0548600357973002,NA
"GRFL",6205,5,10468.4692933371,4.13868468170457,0.25426987503639,-0.0279369168194525,-0.223317441483989
"DUFL",19506,2,39962.2699474205,4.19149648685558,-0.062035075442091,NA,NA
"PSFL",11992,5,24176.610185337,4.12347329629783,-0.147959794192772,-0.101419393849153,0.174923776693357
"COFL",2600,1,3841.7981223771,4.19805928386756,NA,NA,NA
"BLPH",2504,1,6802.46871627076,4.11064240884856,NA,NA,NA
"EAPH",2528,3,4943.8199306174,4.61309331361714,NA,-0.491977825788255,NA
"SAPH",2871,1,2318.06378862248,4.95843966116381,NA,NA,NA
"LOSH",1517,4,2108.94918063365,4.52889371690332,-0.313454114959809,0.295710340630932,NA
"WEVI",7588,4,20462.8905906789,4.28183258334182,-0.129617692244284,-0.199332996842728,NA
"BEVI",465,3,804.909014332767,4.18539256830786,NA,0.471001116164396,NA
"GRVI",1918,1,2367.25606310797,4.56609474714283,NA,NA,NA
"HUVI",4888,2,10054.9026245105,4.20136026899885,-0.14303404189911,NA,NA
"YTVI",3577,4,8965.12346453978,4.3190111963449,0.0897767309483293,-0.240258541317818,NA
"CAVI",14839,4,26431.6849321275,4.28059991449411,-0.138837659113506,0.0758283935511411,NA
"BHVI",6471,3,11026.7985284405,4.59495484625931,NA,-0.663856637846365,NA
"PLVI",4398,1,5703.73743531101,4.49916866616014,NA,NA,NA
"PHVI",2532,1,3776.16991837924,3.92264349110699,NA,NA,NA
"WAVI",37456,5,79793.9391189039,4.19889724725391,0.137184735823206,0.0372809025490933,-0.314150681154161
"REVI",61807,5,138371.536930526,4.90643193158629,-0.293912938537702,-0.937525465873637,0.539700960858659
"BWVI",325,2,807.496720925753,5.04008269243962,-1.27306968671261,NA,NA
"CAJA",8983,3,18646.5705091318,4.27767560895274,NA,-0.249538297608386,NA
"PIJA",2726,4,4640.25787175413,5.12741091451864,-0.207806588575385,-0.216415473965054,NA
"STJA",30701,2,55390.2034200193,4.61680399524812,-0.180839789407778,NA,NA
"BLJA",29158,5,59948.8130855869,5.08867907740797,-0.355107245252712,-1.02133544133775,0.757472628918237
"CASJ",3392,3,11426.4708651671,4.54023707297985,NA,-0.340526873814903,NA
"WOSJ",2593,1,3202.46106569459,4.64621319506673,NA,NA,NA
"MEJA",82,4,195.085707504413,4.43132095212689,8.17387373338134,0.494498261320018,NA
"CLNU",7216,1,7260.77765238748,4.94530080140913,NA,NA,NA
"BBMA",6860,3,5331.55346455582,5.16895900478533,NA,0.213759434619129,NA
"YBMA",352,1,823.796392766267,4.34887856344883,NA,NA,NA
"AMCR",41737,5,62702.2311567442,5.25653692665434,0.00223503941195872,-0.657193824769329,0.380824323630962
"FICR",604,2,1010.13237978699,4.85120278610091,-0.334345883999921,NA,NA
"CHRA",694,1,231.466099996874,5.79282880176569,NA,NA,NA
"CORA",30739,5,29003.0625978757,5.45925848684483,-0.276377300893105,-0.695544490912807,0.557271980118149
"HOLA",40276,3,100857.710380684,4.46599411422017,NA,-0.04936392194059,NA
"BANS",1182,3,10361.7962486446,4.4638774675816,NA,-0.349775638943403,NA
"TRES",18581,5,91877.7929068544,4.39391486284579,-0.150991702581065,-0.573918066364594,0.408408103841279
"VGSW",7090,5,23795.3429545342,4.25186912301283,-0.151851957062549,-0.0171767275364331,0.265416420322467
"NRWS",3071,5,19086.7892379106,4.69316217183132,-0.722552307917966,-0.818142725928564,0.712539638197115
"PUMA",1060,5,5444.93550643289,4.37311797295192,-0.442651896137747,0.117729031228215,0.353238727107016
"BARS",10972,4,52245.0999448885,4.54496158812732,-0.341032591016337,-0.277931914998405,NA
"CLSW",8702,5,111543.50176915,4.84198965265598,-0.539157040942295,-0.438629794769709,0.314707664359009
"CACH",3667,5,8831.4283277361,3.54115420920413,0.307720076955851,0.498133405480097,-0.773117778014546
"BCCH",23571,5,53335.2216750426,4.34998693408521,0.0603488765632302,-0.456867263748237,0.328239733423875
"MOCH",35728,5,83643.7076501057,4.18267626957007,-0.00312048521210043,0.123712263027368,-0.0903890884166003
"CBCH",10821,5,24703.0248334282,3.7678519427069,-0.132723498311146,-0.182704554688235,0.183596766722359
"BOCH",2057,4,3021.18662280655,3.81105206593344,0.391315074442233,-0.105833608683422,NA
"OATI",6221,5,22507.0121955295,3.96379047104082,-0.0170246347390291,-0.459354513762904,0.480626874226255
"JUTI",2859,1,4791.48305845649,4.18408017832449,NA,NA,NA
"TUTI",10838,4,24282.4269708801,4.09672967829087,0.2030236848445,-0.116644164741153,NA
"BCTI",176,3,162.589306520885,4.76926622456395,NA,0.886667800233435,NA
"VERD",350,1,591.330418853275,4.14285630073579,NA,NA,NA
"BUSH",5391,2,19137.3234559965,3.53232714178789,-0.0851991935822871,NA,NA
"RBNU",54157,5,102539.325512781,4.61385521244084,-0.143500131345791,-0.210967039449348,0.261551064912575
"WBNU",16281,4,38757.1828528045,4.20243152946777,0.10602569838219,-0.109187191789317,NA
"PYNU",3562,2,9433.54135191493,4.09803719205475,-0.0956007280671501,NA,NA
"BHNU",121,1,235.607724448492,3.78161253643231,NA,NA,NA
"BRCR",17363,4,28441.2941387993,3.88469975545217,0.0636120547722091,-0.112933726027933,NA
"ROWR",13114,3,11633.4181542628,4.9682323338885,NA,0.0883026635686673,NA
"CANW",983,1,642.984587923219,5.16341110331623,NA,NA,NA
"HOWR",29711,5,73259.930466178,4.21057892636431,0.321297645627249,0.000535362380753705,-0.433366534054096
"PAWR",4501,1,10724.0423626239,4.1668954231386,NA,NA,NA
"WIWR",22054,5,34043.5544162332,5.08476276697236,-0.39623657485989,-1.07507298024667,0.29122561653408
"SEWR",3556,2,11950.566244714,4.32638711509269,0.216874664240149,NA,NA
"MAWR",10527,5,98521.9302259104,3.99884440982933,0.139692976242001,0.237545612220104,0.439917236537224
"CARW",8042,5,17323.9860585033,4.15729534579824,0.198023503586195,0.182324949794514,-0.479282850445574
"BEWR",15229,3,38641.6779284559,4.20383705712073,NA,0.089837372247691,NA
"CACW",876,1,939.406722474314,4.83167239672425,NA,NA,NA
"BGGN",12221,5,22947.0404958805,3.62445328596406,0.0973516401380967,0.210522321566082,-0.242332798027929
"BTGN",162,1,234.202957230269,3.79543463211143,NA,NA,NA
"AMDI",303,1,429.40042477796,3.86356354023795,NA,NA,NA
"GCKI",20313,3,30599.4897337102,3.74962898455294,NA,-0.161793178899075,NA
"RCKI",30448,5,56582.2606441952,4.388289336491,-0.0237308888321759,-0.222314224417737,0.288579586083204
"WREN",11645,3,29861.2544887604,4.63028685895471,NA,-0.185936349593675,NA
"EABL",3184,5,6790.27489111963,4.40789770860243,-0.119269151847784,-0.0728856068150893,-0.247229778861988
"WEBL",3482,3,8652.19437503262,4.08614662605877,NA,0.0866023298505599,NA
"MOBL",8055,1,12306.0328226803,4.46610181665193,NA,NA,NA
"TOSO",11397,4,14813.2246130128,4.65310562268349,-0.0770940704081383,0.0947682219210778,NA
"VEER",15981,5,31358.2130829924,5.09447966524401,-0.238234460600807,-1.16214229295495,0.989899526899847
"GCTH",115,1,228.223411666588,4.01465459809088,NA,NA,NA
"SWTH",40625,5,95631.9104656311,4.35774826401146,-0.229463731238732,-0.230709701806441,0.326506063933861
"HETH",49882,5,76532.3863245771,5.16533735163203,-0.317898337183792,-0.724473067499024,0.664003321162849
"WOTH",8004,5,14648.198060109,4.83110654668522,-0.0742343579514425,-0.717327765387608,0.508168732268645
"AMRO",88718,5,197953.133219713,4.50939158850396,0.0739251655546454,-0.268689655852186,-0.0586166730006034
"VATH",4810,4,7764.09891195858,4.77094976930593,-0.204797343877838,-0.338280948919763,NA
"GRCA",8443,4,20308.449324114,4.1204038133667,0.186283082540973,-0.338137819420827,NA
"CBTH",285,1,279.825472289894,4.85003276856342,NA,NA,NA
"BRTH",3757,5,7040.43834420747,4.77557949694462,-0.233866285430912,-0.442051961813293,-0.343936643121594
"CATH",649,2,1232.04850621466,4.65381581082137,0.740535083289485,NA,NA
"CRTH",116,1,134.317067107743,4.66198565188781,NA,NA,NA
"SATH",7954,3,5768.89271067664,5.11602504409101,NA,0.16277817038074,NA
"NOMO",12463,2,16907.9990314565,4.95303352896479,-0.663210872635236,NA,NA
"EUST",12542,5,66432.1524619178,4.42085188766783,0.0682113458238937,-0.136578136607229,-0.475565528756789
"CEDW",8617,5,35456.2682695442,4.34255672943755,-0.131428545457737,-0.576369124675941,0.246508873617026
"PHAI",596,5,1047.6719269309,4.35746237125075,0.600036672933572,0.152781597563711,-1.07666144460214
"OLWA",70,1,100.426208632843,4.3709332033484,NA,NA,NA
"HOSP",3887,5,15411.0900293647,4.21209540502809,0.143793080338032,0.0711055239213572,-0.746657443051913
"AMPI",1297,3,3371.38995570771,4.42711689633095,NA,-0.161732549648595,NA
"SPPI",5330,2,9657.10876426531,4.82803811851142,-0.172925590991419,NA,NA
"EVGR",5611,4,14499.1101979561,4.46124120339913,-0.207134821789211,0.245393540570166,NA
"PIGR",1358,1,2117.9846632742,4.25069247835869,NA,NA,NA
"BLRF",103,1,190.980185109099,4.33067760330285,NA,NA,NA
"BCRF",117,1,216.87827631151,4.51216996588407,NA,NA,NA
"HOFI",12848,4,54781.3732791099,4.37039655067963,-0.09284932746556,-0.102641404424654,NA
"PUFI",9015,3,17878.6559317335,4.44937748261489,NA,-0.206641223383479,NA
"CAFI",5902,3,10708.2205183773,4.3034713265593,NA,0.156241140874655,NA
"CORE",137,3,222.178438480011,3.88524443333278,NA,-0.29952932753658,NA
"RECR",8436,4,29223.3166263386,4.33587305601969,-0.0956327968711145,-0.0366816657177028,NA
"WWCR",1912,3,3954.3276591651,4.11422305572317,NA,-0.242556384685223,NA
"PISI",24254,3,60566.085336334,4.06683540241835,NA,-0.0357101726244166,NA
"LEGO",9345,4,26466.1351388453,4.08463926639322,-0.0490360386556467,-0.125842243707286,NA
"LAGO",86,1,362.181172394257,4.29171126094882,NA,NA,NA
"AMGO",28675,5,92993.7224286635,4.3932467879583,-0.10829081865988,-0.216206773532045,0.107118158074414
"LALO",53,1,98.4444487487352,4.24230558623204,NA,NA,NA
"CCLO",6682,4,18692.3676394034,4.57429985552009,0.239101509943546,-0.193186364632854,NA
"SMLO",74,1,32.303774243027,3.89301264716034,NA,NA,NA
"BOSP",148,1,285.681778170564,4.26247002487612,NA,NA,NA
"CASP",6534,1,9207.89824867713,4.88019551285844,NA,NA,NA
"GRSP",20004,3,41193.9466771784,4.21576878589879,NA,-0.0688853091118498,NA
"BTSP",4723,3,8584.05496618974,4.52470173045192,NA,-0.0756649540290387,NA
"LASP",13970,3,25926.2396357384,4.36838376866326,NA,0.0790117312351891,NA
"LARB",13043,1,30025.880938587,4.73688226351566,NA,NA,NA
"CHSP",53867,4,106565.257676273,4.2992363056156,0.0924701781780956,-0.2265181148548,NA
"CCSP",10091,5,24156.766322043,4.42400655212091,0.14459909281014,-0.417555755440058,0.325788117900047
"BCSP",610,1,885.658941564539,4.48401829616357,NA,NA,NA
"FISP",7413,5,13416.2059770838,4.62739230491262,0.0993069638434233,0.0257390851291634,-0.545568776102964
"BRSP",22151,1,44320.7658075851,4.42060140903506,NA,NA,NA
"FOSP",6804,4,19609.1329145922,4.36256416695605,-0.150717214809109,0.103671943785748,NA
"ATSP",221,1,595.570302978192,4.01661979712106,NA,NA,NA
"DEJU",65153,4,142823.865814304,4.0875710981577,-0.127455039612594,-0.0293106788945495,NA
"WCSP",9510,4,25672.2759960817,4.36566929516958,0.0874000161355649,0.179790460500903,NA
"GCSP",306,2,2554.2051710105,3.88466823964222,-0.395195807965841,NA,NA
"WTSP",48180,5,110012.701311494,4.97019471953813,-0.100757692901571,-0.9175731312929,1.11136124277904
"SABS",5520,1,8016.86003943435,4.68195551506534,NA,NA,NA
"BESP",51,3,237.487691393639,4.03437751179945,NA,2.05777749861955,NA
"VESP",26782,1,40529.3617407341,4.79120446217448,NA,NA,NA
"LCSP",1534,2,3086.61016677044,3.89650004850502,0.588908079767537,NA,NA
"NESP",72,1,113.110197645518,3.92066406703027,NA,NA,NA
"BAIS",4634,4,9626.13842749986,4.74409573881299,0.452148506282099,-0.28485557196132,NA
"HESP",127,3,243.523005368643,3.87150210113932,NA,0.457258599173527,NA
"SAVS",17425,2,54126.4599982973,4.27777818660758,0.157497108935147,NA,NA
"SOSP",58967,4,355481.87266544,4.09579660309408,0.172756145042825,-0.0236755144426517,NA
"LISP",10011,5,17943.2132107057,4.20327043772641,0.11941321408425,-0.15522508529187,0.331321813558628
"SWSP",6815,5,16058.1597152933,4.51952697265903,0.0106847761363043,-0.649862656090353,0.866489348640567
"CANT",404,3,617.150040283334,4.27237680428403,NA,0.250061694631402,NA
"CALT",4662,4,13266.9574143875,4.21875948741107,0.079739760208466,-0.341545411726168,NA
"RCSP",873,1,1466.239212214,4.39126556980623,NA,NA,NA
"GTTO",12953,2,22616.9859073845,4.44655340452896,-0.105220658935116,NA,NA
"SPTO",43301,5,103657.511453939,4.21800454751246,-0.0616656375719719,0.0578889856986505,-0.153340050694417
"EATO",5440,5,11244.2804652506,4.67454957931632,-0.365425731598859,-0.555196813844941,0.352767438215787
"YBCH",12819,2,21048.3314285878,4.39555517460653,0.0530058784589619,NA,NA
"YHBL",2508,5,10788.0480729611,4.36538452596179,0.165537305219764,0.334988082745319,-0.357340458724403
"BOBO",8204,2,24841.797641979,4.48870738942455,0.208233208078143,NA,NA
"EAME",4964,5,9108.72129958837,4.52769795008507,0.164529005215492,0.490670929188833,-0.525414667743073
"WEME",72121,4,98930.2107576646,5.09225979540956,-0.0974241111635569,0.248036863543931,NA
"OROR",2156,2,3922.88078083327,4.19530612792349,-0.169975317501256,NA,NA
"BUOR",7183,3,16089.6117442562,4.11122476482851,NA,0.15545102234011,NA
"BAOR",6902,4,16217.8176159562,4.10394115268574,0.356633597592658,-0.164649697394368,NA
"SCOR",617,1,703.588923580308,4.64604794965937,NA,NA,NA
"RWBL",53945,5,318593.007844839,4.59259224421382,-0.0265073650576027,-0.179842275363436,0.218374188503242
"TRBL",222,4,5119.61406630347,4.94285157332803,-0.643868621232014,8.47576427410751,NA
"BHCO",54444,5,142066.548324533,4.29282794254795,-0.0967099422386609,-0.0252531220551479,-0.159366778457704
"RUBL",191,4,994.180284503354,4.29549505680457,-1.2328684298055,-0.459652562933318,NA
"BRBL",8968,5,37121.7721496666,4.33554259482789,-0.190460320493124,-0.0742710260260575,0.236513562096999
"COGR",15235,5,68212.717209138,4.24077393133583,0.176285603304494,-0.0944273805335772,-0.154716215327157
"BTGR",195,4,997.412454845462,4.76071834729109,-0.752745203402166,-17.1631977710566,NA
"GTGR",569,4,1639.06697819871,4.85465573296444,-0.264306651808088,-0.330725328783496,NA
"OVEN",64082,5,138892.533586125,5.26258895153276,-0.463570989965509,-1.20728909691313,1.01619585128616
"WEWA",276,4,589.788727913818,3.77318166123144,-0.203386661706767,0.402709434555638,NA
"LOWA",314,1,791.766804949777,4.01542712497283,NA,NA,NA
"NOWA",3913,5,7546.01669192433,4.56144876540375,-0.236601504667579,-0.623607519113745,1.50004168103957
"GWWA",1005,5,2689.02666005389,4.68953457398392,-0.275185196865,-0.801895548011931,0.699219937315157
"BWWA",746,3,1658.4942892815,4.3723296663365,NA,-0.491275048469638,NA
"BAWW",10400,5,17824.2875491415,4.26447879795832,0.0282577460363665,-0.513645161327251,0.408356399384305
"PROW",4634,5,11316.6338510023,3.78189512309079,0.26340675399218,0.350748070297814,-0.730214907225237
"SWWA",428,2,858.541438084793,3.83382059607848,0.337490071630976,NA,NA
"TEWA",26818,1,57658.3303819553,3.97981960284084,NA,NA,NA
"OCWA",11831,3,24794.1780384002,4.19464898452716,NA,-0.142373630210657,NA
"LUWA",236,3,408.352734025931,4.27745148588116,NA,-0.276327450269218,NA
"NAWA",35702,5,88390.4305846674,4.62917448162198,-0.433195900623447,-0.514636056929628,0.430161104163606
"VIWA",2104,1,3518.8207703391,4.18759899172698,NA,NA,NA
"CONW",4704,3,8813.13342992036,4.76933134694328,NA,-0.720068324747258,NA
"MGWA",13761,2,25378.3134639333,4.15676808553515,-0.185552523658021,NA,NA
"MOWA",12562,5,23461.9480438074,4.8070196961424,-0.430519274796009,-0.860639812222269,1.05824977776158
"KEWA",1589,5,3169.46083502595,3.90943383373951,0.407098558215129,0.407630498307088,-0.482204537930344
"COYE",39588,5,132344.906295577,4.37201583636575,0.0948609310435824,-0.351199683870719,0.141312391262329
"HOWA",2608,5,5319.03141408137,3.88215770609479,0.260587185959856,0.27311632445759,-0.379266269018257
"AMRE",20021,4,49201.2289979502,3.89596334893204,0.333269417612564,-0.0960410731693596,NA
"CMWA",1849,5,2142.00896220991,3.96007069485762,-0.0584319652059058,-0.424993111345396,0.697870992394669
"CERW",290,1,638.113350651984,3.9474006569982,NA,NA,NA
"NOPA",5027,4,13033.0004365431,4.43483430084477,-0.0843106953203813,-0.497529198924711,NA
"MAWA",14644,5,20302.8634359437,4.35031736185941,-0.0560281936738178,-0.479807766471179,0.533112532990832
"BBWA",4190,1,3682.34621016771,3.62422002942577,NA,NA,NA
"BLBW",6620,5,11370.311956525,4.23657796268448,0.0164798297347956,-0.653736511631601,0.704559471803606
"YEWA",26246,3,53336.6409876392,4.19758959426676,NA,-0.197336351384838,NA
"CSWA",12910,5,29495.7471858854,4.85320843480785,-0.411252730766384,-1.06195982256453,0.926410843265931
"BLPW",1144,3,1185.69467894076,3.63868613646051,NA,-0.117731320421605,NA
"BTBW",5640,3,6532.18260946744,4.35020946856032,NA,-0.525346153065259,NA
"PAWA",2811,5,4765.06625276201,4.05667545238668,-0.484596441368832,-0.191176848873369,84.1159609963612
"PIWA",5029,5,10641.9866505243,4.82536720694893,-0.664540420368339,-0.814677428025831,0.644105575473053
"YRWA",88503,5,187610.332880947,4.1959788969684,-0.0926317159945716,-0.165427195983183,0.239630370081452
"YTWA",365,4,781.729535781074,3.9984971877552,0.227382785113694,0.220511780878816,NA
"PRAW",1282,3,3141.41372257228,4.15970375246812,NA,0.21375347811035,NA
"GRWA",1829,1,3146.39608364637,4.30306690216694,NA,NA,NA
"BTYW",11747,4,21638.6073916115,4.21521695265578,-0.084419205859926,-0.0708315554983791,NA
"TOWA",6506,4,13238.9409777424,4.04558685496104,-0.0899293209307716,-0.0635078260280748,NA
"HEWA",22362,5,61276.0861905487,4.30939644785925,-0.325804326126194,-0.0903482651765029,0.245392844489107
"BTNW",18435,5,33054.9730835946,4.90274387615833,-0.304078015079991,-0.974203945716046,0.840834720850999
"CAWA",4304,5,8031.81022161525,4.56114966522401,-0.123242804598478,-0.677707702776209,0.576679272806132
"WIWA",16318,3,41576.7929498464,3.92393884732762,NA,0.0390826292962299,NA
"RFWA",252,1,447.747974789783,4.15820286575369,NA,NA,NA
"HETA",498,1,688.308790114612,4.4547032874007,NA,NA,NA
"SUTA",3577,5,6640.03224914888,3.94481897561393,0.146819361665955,0.317005183293427,-0.452111530412075
"SCTA",5925,5,10625.9650284816,5.12747192154218,-0.408750053566398,-1.14364804226706,0.634353875749147
"WETA",60452,5,105369.595501289,4.51823948758125,-0.159566893680024,-0.124984105514222,0.123082404549279
"NOCA",23561,5,56699.2796533198,4.35232246010231,0.0753880983421557,-0.154613379891738,-0.100323231072573
"PYRR",197,1,222.86756317113,4.80579842387627,NA,NA,NA
"RBGR",17205,5,33978.0470343266,4.93426446895788,-0.0624255500678236,-0.877067074822192,0.462472747189789
"BHGR",33809,4,67416.3161739051,4.30357687758604,-0.109351195568847,0.0792246689021471,NA
"BLGR",3157,4,4912.83947517028,4.3806734484112,-0.260417592406115,0.253212487224987,NA
"LAZB",14816,2,29487.4341012607,4.2072487597388,-0.0923188126232472,NA,NA
"INBU",14237,5,31684.1255799988,4.239382800207,-0.0155606964388527,-0.144669049618836,-0.20022650232073
"PABU",745,4,1254.82026523679,4.29859530733759,-0.137987761473678,0.187798164279399,NA
"DICK",4232,3,10127.1700497941,4.24667961716436,NA,0.588312666737314,NA
